branch_id,branch_name,city,state,manager_name,open_date
1,Wagner-Ingram,Duncanville,West Virginia,Brandon Walker,2013-05-12
2,Buck and Sons,Jameshaven,Massachusetts,Melissa Potts,2017-06-11
3,"Hamilton, Watts and Maddox",Port Kimberly,New Mexico,Adrian Cain,2020-06-04
4,Smith PLC,Donaldside,Maine,Justin White,2018-07-10
5,"Horton, Johnson and Mann",Port Christopherberg,Ohio,Benjamin Hale,2007-05-06
6,Leblanc PLC,North Theresaview,Ohio,Bethany Moran,2014-03-18
7,"Miller, Cline and Mathews",South Connorbury,Kansas,Jeffery Miller,2017-10-24
8,Bowman-Bradshaw,West David,New Mexico,Robert Ortiz,2006-10-15
9,Vasquez LLC,West Sandystad,Ohio,Todd Wolf,2010-02-21
10,Brown-Anderson,Angelaton,Wyoming,Christopher Jacobson,2010-04-13
11,"Morris, Contreras and Carter",West Joelside,Illinois,Angela Gregory,2018-02-23
12,Hunt Inc,Lake Paige,Colorado,Grant Jenkins,2017-05-14
13,"Reeves, Cook and Logan",Port Jennifermouth,Hawaii,Jill Martinez,2017-07-18
14,Charles-Roberts,Port Trevorfort,Hawaii,Jennifer Smith,2014-06-18
15,Rivera-Turner,West Melvin,Wyoming,Nicole Robinson,2015-09-02
16,Diaz-Patterson,West Heidibury,New Jersey,Christopher Ferrell,2018-11-02
17,"Thompson, Branch and Robinson",Kingshire,New York,Jeffrey Mccoy,2011-12-27
18,Rodriguez-Harris,South Thomasfurt,Hawaii,Stacy Potts,2005-11-13
19,Lara-Massey,Port Amberburgh,South Dakota,Chelsea Bass,2013-08-25
20,Gonzales and Sons,South Maryville,Montana,Steven Hernandez,2015-02-13
21,Cox-Roy,Nicolefurt,Hawaii,Jeremy Bush,2009-08-07
22,"Johnson, Simpson and Johnson",Schneiderbury,Alaska,Brandon Fritz,2014-03-26
23,Hubbard-Robertson,Schaeferville,Oregon,Natasha Scott,2018-11-23
24,Mullen-Gill,North Kayla,Iowa,Brandon Quinn,2010-03-02
25,Graham-Ramirez,Port Brandon,California,Rachel Cruz,2020-05-19
26,Jones Inc,West Matthewshire,New Hampshire,Anthony Torres,2018-06-24
27,Brown-Hernandez,East Garybury,Maryland,Sarah Chavez,2016-04-02
28,Krause PLC,Quinnberg,Oklahoma,David Bradshaw,2012-09-28
29,"Smith, Steele and Collins",Martinezton,Oklahoma,Mr. Mario Powell,2011-09-10
30,Williams LLC,West Evantown,Nebraska,Barbara Gill,2013-11-28
31,"Ross, Bryan and Lewis",Robinmouth,New Jersey,Richard Hughes,2012-06-02
32,"West, Chapman and Gilbert",Port Ronald,New Mexico,Melissa Hayes,2013-01-26
33,Chase-Hernandez,Chasestad,New Jersey,Alison King MD,2018-04-20
34,"Daniel, Campbell and Durham",Lake Tonyamouth,Pennsylvania,William Valenzuela,2015-10-06
35,Diaz Group,South Danielle,Washington,Joshua Lane,2019-04-02
36,"Howell, Campbell and Green",South Andrew,Nevada,Nicholas Brown,2019-10-05
37,"Anderson, Stevens and Smith",South Nicholaston,West Virginia,John Hogan,2014-10-26
38,Diaz-Duncan,South Austin,Kentucky,Christian Washington,2016-01-20
39,Phelps and Sons,West Kelly,Louisiana,Anna Miles,2005-12-28
40,"Tanner, Bray and Dominguez",North Mary,Arizona,Donna Velazquez,2009-09-15
41,Buchanan Ltd,West Jaychester,Connecticut,James Harris,2019-01-11
42,Rice-Montoya,North Robert,South Carolina,Karen Hernandez,2012-10-11
43,Chapman-Scott,East Anthonychester,Michigan,Andrea Dawson,2012-06-27
44,Lyons and Sons,Codybury,New Jersey,Cynthia Martinez,2011-03-08
45,Lewis LLC,Carrieland,Florida,Robert Mendez,2009-09-18
46,Norris-Schultz,Jenniferborough,Mississippi,Donna Williams,2005-08-11
47,Carlson Group,Daltonville,Kansas,Julia Baker,2019-09-15
48,Duncan and Sons,West Stephanie,Kentucky,Renee Holloway,2016-08-27
49,Murillo-White,South Melissaland,Alaska,Raymond Duncan,2009-10-27
50,"Scott, Ramirez and Marsh",Port Robert,Maine,Matthew Liu,2010-03-14
51,Watts PLC,East Tara,New Jersey,Paul Mcgee,2008-10-30
52,"Lewis, Williams and Sanchez",North Michaelview,Iowa,Rebecca Joyce,2017-10-22
53,Butler and Sons,East Troyborough,Virginia,Heather Johnson,2014-10-13
54,Miller Inc,Durhammouth,New York,Alan Miller,2015-12-14
55,Parker Ltd,Lake Benjaminshire,Tennessee,Zachary Ford,2010-04-22
56,Santana-Long,New William,Tennessee,Mary Parker,2014-09-18
57,Coleman LLC,New Donald,Tennessee,Tiffany Blackburn,2015-10-31
58,Sheppard-Roberts,Tylermouth,Pennsylvania,Michelle Perez,2011-09-24
59,Ramirez Ltd,South Judyberg,Delaware,Jesus White,2020-05-07
60,Ayala-Walker,Scottland,Arizona,Andrea Farrell,2007-01-05
61,Powell-Christensen,North Johnfurt,Missouri,Carol Davis,2006-01-18
62,Mullen-Hunt,New Frankberg,Texas,Joshua Brown,2009-06-19
63,Miller LLC,Justinland,Oregon,Jennifer Lucas,2006-09-13
64,Wallace-Ford,Lake Ann,Vermont,Christopher Richmond,2019-12-06
65,Garcia and Sons,New Robert,Arkansas,Daniel Daniel,2018-08-29
66,Alexander-Roman,Austinview,Maine,Chelsey Rodriguez,2010-12-02
67,"Ellis, Hanson and Peters",South Joshuaberg,Hawaii,Tracy Hayes,2017-12-03
68,"Rodriguez, Nichols and Cox",Port Jamesland,Massachusetts,Theresa Compton,2006-08-31
69,Murray-Taylor,Griffinfort,Vermont,Julie Jackson,2012-05-26
70,"Garcia, Soto and Hayden",Erinfort,New York,Megan Perez,2017-01-30
71,Harris-Richardson,Port Ericburgh,Wyoming,Trevor Orr,2012-09-06
72,"Brown, Evans and Bryant",East Ryantown,North Carolina,Jonathan Gray,2010-11-22
73,Martin-Peck,New Michaelburgh,Vermont,Kimberly Hobbs,2007-07-22
74,Baxter-Hess,New Felicia,Michigan,William White,2020-04-27
75,Cortez and Sons,North Brandon,Nebraska,Mrs. Lauren Byrd,2010-11-03
76,Young Group,Sarahfurt,Massachusetts,Jorge Daniels,2013-06-05
77,"Sullivan, Garcia and Hill",Port Jamesside,New Hampshire,Daniel Bean,2012-01-30
78,Cruz LLC,Kevinside,Ohio,Jorge Turner,2010-04-03
79,Graham Ltd,Patrickbury,Oklahoma,Daniel Mason,2011-10-26
80,Sanchez Inc,New Barry,Oklahoma,Matthew Fritz,2015-11-28
81,"White, Ball and Davis",Fernandoside,Michigan,Danielle Yoder,2018-08-11
82,"Blackwell, Smith and Hawkins",Port Rick,Georgia,William Hernandez,2012-05-31
83,"Johnson, Guzman and Pearson",New Robin,West Virginia,Christopher Moore,2014-11-01
84,Guerrero-Joseph,Lake Emma,Maine,Katrina Bailey,2013-05-29
85,"Henderson, Mccann and Smith",East Timothy,Minnesota,Kathryn Brown,2007-01-20
86,Silva PLC,South Jeffrey,Michigan,Cory Wagner,2015-08-13
87,Spencer-Johnson,Robertobury,California,Linda Jensen,2020-02-22
88,"Zuniga, Burton and Johnson",Rodriguezton,Wisconsin,Jaime Simmons,2012-05-29
89,"Trujillo, Johnson and Hamilton",West Theresaport,Iowa,Manuel Wells,2019-07-27
90,Gentry and Sons,South Jose,Wyoming,William Davis,2014-04-29
91,"Moss, Brown and Davis",Port Randy,Alaska,Alicia Davis,2009-11-11
92,Jacobs Ltd,Lake Robert,Washington,Victoria Hall,2007-11-22
93,Wright Ltd,Wilkinsonchester,Arkansas,Charles Wilson,2015-05-12
94,Sanders LLC,Lake Wanda,Virginia,Thomas Jimenez,2007-12-08
95,"Raymond, Pham and Jordan",Sheriport,Oregon,Christopher Stewart,2009-06-30
96,"Wilson, Franklin and Warner",West Andreaton,Indiana,Tiffany Mcdowell,2010-01-24
97,Mcguire LLC,Stephaniefort,Mississippi,Mark Underwood,2014-05-14
98,Mcclain PLC,Meredithfort,Montana,Hannah Williams,2012-07-30
99,Powell-Morris,West Willieview,Nevada,Lawrence Moore,2020-06-24
100,"Gonzalez, Church and Reyes",Whiteburgh,Maine,Angela Ortiz,2018-09-07
